version,D,N,runtime
critical,100,1,0.173739
critical,100,1,0.052292
critical,100,1,0.047268
critical,100,1,0.049792
critical,100,1,0.049721
critical,100,1,0.048587
critical,100,1,0.053191
critical,100,1,0.049056
critical,100,1,0.050583
critical,100,1,0.053183
critical,100,100000000,1.409282
critical,100,1000000000,11.246694
critical,100,1000000000,0.539343
critical,100,1000000000,0.678036
critical,100,1000000000,0.544447
