version,D,N,runtime
critical,100,1,0.084915
critical,100,1,0.052689
critical,100,1,0.056092
critical,100,1,0.059228
critical,100,1,0.051979
critical,100,1,0.056924
critical,100,1,0.055004
critical,100,1,0.054419
critical,100,1,0.057723
critical,100,1,0.056024
